id,title,intro,poster,pubdate,url,rating,genres,star,comment,tags,star_time,card
34874646,繁花,,https://dou.img.lithub.cc/movie/34874646.jpg,2023-12-27(中国大陆),https://movie.douban.com/subject/34874646/,8.7,"剧情,爱情",3,,,2024-03-08 18:51:34,2023 / 中国大陆 / 剧情 爱情 / 王家卫 / 胡歌 马伊琍
3006309,追击者,,https://dou.img.lithub.cc/movie/3006309.jpg,2008-02-14(韩国),https://movie.douban.com/subject/3006309/,8.4,"剧情,惊悚,犯罪",4,,,2024-03-08 18:51:10,2008 / 韩国 / 剧情 惊悚 犯罪 / 罗泓轸 / 河正宇 金允石
1308865,老男孩,,https://dou.img.lithub.cc/movie/1308865.jpg,2003-11-21(韩国),https://movie.douban.com/subject/1308865/,8.3,"剧情,动作,悬疑",5,,,2024-03-08 18:51:04,2003 / 韩国 / 剧情 动作 悬疑 惊悚 / 朴赞郁 / 崔岷植 刘智泰
21937445,辩护人,,https://dou.img.lithub.cc/movie/21937445.jpg,2013-12-18(韩国),https://movie.douban.com/subject/21937445/,9.2,剧情,5,,,2024-03-08 18:50:26,2013 / 韩国 / 剧情 / 杨宇硕 / 宋康昊 金英爱
30327842,82年生的金智英,,https://dou.img.lithub.cc/movie/30327842.jpg,2019-11-07(中国香港),https://movie.douban.com/subject/30327842/,8.6,剧情,5,,,2024-03-08 18:50:20,2019 / 韩国 / 剧情 / 金度英 / 郑有美 孔刘
26683421,特工,,https://dou.img.lithub.cc/movie/26683421.jpg,2018-05-11(戛纳电影节),https://movie.douban.com/subject/26683421/,8.7,剧情,4,,,2024-03-08 18:50:13,2018 / 韩国 / 剧情 / 尹钟彬 / 黄政民 李星民
30267287,犯罪都市2,,https://dou.img.lithub.cc/movie/30267287.jpg,2022-05-18(韩国),https://movie.douban.com/subject/30267287/,7.5,"动作,犯罪",3,,,2024-03-08 18:49:24,2022 / 韩国 / 动作 犯罪 / 李相龙 / 马东锡 孙锡久
25862354,局内人,,https://dou.img.lithub.cc/movie/25862354.jpg,2015-11-19(韩国),https://movie.douban.com/subject/25862354/,8.1,"剧情,动作,惊悚",3,,,2024-03-08 18:49:12,2015 / 韩国 / 剧情 动作 惊悚 犯罪 / 禹民镐 / 李秉宪 曹承佑
26946510,犯罪都市,,https://dou.img.lithub.cc/movie/26946510.jpg,2017-10-03(韩国),https://movie.douban.com/subject/26946510/,7.7,"动作,犯罪",3,,,2024-03-08 18:49:04,2017 / 韩国 / 动作 犯罪 / 姜允成 / 马东锡 尹启相
4812790,桃源镇,,https://dou.img.lithub.cc/movie/4812790.jpg,1996(中国大陆),https://movie.douban.com/subject/4812790/,8.6,剧情,4,,,2024-03-08 18:48:26,1996 / 中国大陆 / 剧情 / 熊郁 / 戈治均 雷恪生
35267224,孤注一掷,,https://dou.img.lithub.cc/movie/35267224.jpg,2023-08-08(中国大陆),https://movie.douban.com/subject/35267224/,6.9,"剧情,犯罪",,,,2024-03-08 18:47:48,2023 / 中国大陆 / 剧情 犯罪 / 申奥 / 张艺兴 金晨
35593344,奥本海默,,https://dou.img.lithub.cc/movie/35593344.jpg,2023-08-30(中国大陆),https://movie.douban.com/subject/35593344/,8.8,"剧情,传记,历史",,,,2024-03-08 18:47:24,2023 / 美国 英国 / 剧情 传记 历史 / 克里斯托弗·诺兰 / 基里安·墨菲 艾米莉·布朗特
35350109,可怜的东西,,https://dou.img.lithub.cc/movie/35350109.jpg,2023-09-01(威尼斯电影节),https://movie.douban.com/subject/35350109/,7.3,"剧情,喜剧,爱情",,没看完，可能不适合我,限制级,2024-03-08 18:46:34,2023 / 爱尔兰 英国 美国 匈牙利 / 剧情 喜剧 爱情 科幻 / 欧格斯·兰斯莫斯 / 艾玛·斯通 马克·鲁弗洛
36151692,周处除三害,,https://dou.img.lithub.cc/movie/36151692.jpg,2024-03-01(中国大陆),https://movie.douban.com/subject/36151692/,8.1,"动作,犯罪",3,其实动机让人很难绷住，但是喜欢的血腥场面不错,"爽片,血腥,复仇",2024-03-08 18:45:51,2023 / 中国台湾 / 动作 犯罪 / 黄精甫 / 阮经天 袁富华
1464618,狼牙山五壮士,,https://dou.img.lithub.cc/movie/1464618.jpg,1958,https://movie.douban.com/subject/1464618/,7.4,战争,,,,2021-08-25 17:12:52,1958 / 中国大陆 / 战争 / 史文炽 / 李长华 高保成
3033864,地道战,,https://dou.img.lithub.cc/movie/3033864.jpg,1965,https://movie.douban.com/subject/3033864/,8.3,战争,,,,2021-08-25 17:12:43,1965 / 中国大陆 / 战争 / 任旭东 / 朱龙广 张勇手
34913671,哆啦A梦：伴我同行2,,https://dou.img.lithub.cc/movie/34913671.jpg,2021-05-28(中国大陆),https://movie.douban.com/subject/34913671/,7.1,"剧情,动画",5,蓝胖子,,2021-08-25 17:12:32,2020 / 日本 / 剧情 动画 / 八木龙一 山崎贵 / 水田山葵 大原惠美
25815034,湄公河行动,,https://dou.img.lithub.cc/movie/25815034.jpg,2016-09-30(中国大陆),https://movie.douban.com/subject/25815034/,8,"剧情,动作,犯罪",5,,,2021-08-25 17:12:02,2016 / 中国大陆 中国香港 / 剧情 动作 犯罪 / 林超贤 / 张涵予 彭于晏
1291828,天堂电影院,,https://dou.img.lithub.cc/movie/1291828.jpg,2021-06-11(中国大陆),https://movie.douban.com/subject/1291828/,9.2,"剧情,爱情",5,以前看的  现在标记一下,,2021-08-25 17:11:24,1988 / 意大利 法国 / 剧情 爱情 / 朱塞佩·托纳多雷 / 菲利普·努瓦雷 萨瓦特利·卡西欧
35528216,深潜日,,https://dou.img.lithub.cc/movie/35528216.jpg,2021-08-06(中国大陆),https://movie.douban.com/subject/35528216/,0,"爱情,悬疑,惊悚",1,国产片  你故事烂就烂还漏洞百出让我怎么给你分啊,,2021-08-25 17:10:50,2021 / 中国大陆 / 爱情 悬疑 惊悚 恐怖 犯罪 / 金鑫 / 李学庆 严蔚
30166971,测谎人,,https://dou.img.lithub.cc/movie/30166971.jpg,2021-08-13(中国大陆),https://movie.douban.com/subject/30166971/,2.8,"喜剧,爱情",3,文章演技是真的可以 可惜选错剧本了,,2021-08-25 17:09:07,2021 / 中国大陆 / 喜剧 爱情 / 杨沅翰 / 马丽 文章
35158124,盛夏未来,,https://dou.img.lithub.cc/movie/35158124.jpg,2021-07-30(中国大陆),https://movie.douban.com/subject/35158124/,7.1,剧情,5,当你喜欢的人此时此刻也喜欢着你，那么现在就是未来!,,2021-08-25 17:07:59,2021 / 中国大陆 / 剧情 / 陈正道 / 张子枫 吴磊
30174085,怒火·重案,,https://dou.img.lithub.cc/movie/30174085.jpg,2021-07-30(中国大陆),https://movie.douban.com/subject/30174085/,7.2,"动作,犯罪",4,,,2021-08-25 17:06:47,2021 / 中国香港 中国大陆 / 动作 犯罪 / 陈木胜 / 甄子丹 谢霆锋
30444960,信条,,https://dou.img.lithub.cc/movie/30444960.jpg,2020-09-04(中国大陆),https://movie.douban.com/subject/30444960/,7.6,"剧情,动作,科幻",4,,,2021-07-09 23:42:17,2020 / 美国 英国 / 剧情 动作 科幻 / 克里斯托弗·诺兰 / 约翰·大卫·华盛顿 罗伯特·帕丁森
35158160,我的姐姐,,https://dou.img.lithub.cc/movie/35158160.jpg,2021-04-02(中国大陆),https://movie.douban.com/subject/35158160/,6.9,"剧情,家庭",5,和她看的第一场电影 没记住剧情，但记住了你!!!@池秋霞,,2021-07-09 23:41:52,2021 / 中国大陆 / 剧情 家庭 / 殷若昕 / 张子枫 肖央
3319755,怦然心动,,https://dou.img.lithub.cc/movie/3319755.jpg,2010-07-26(好莱坞首映),https://movie.douban.com/subject/3319755/,9.1,"剧情,喜剧,爱情",5,"青春:就是在成人面前平平凡凡的琐事也能让心情坐上过山车!
成长:就是女孩学会了爱自己，男孩学会了爱别人!
""整体大于局部"" ","青春,成长",2021-07-03 23:34:28,2010 / 美国 / 剧情 喜剧 爱情 / 罗伯·莱纳 / 玛德琳·卡罗尔 卡兰·麦克奥利菲
3743114,黄海,,https://dou.img.lithub.cc/movie/3743114.jpg,2010-12-22(韩国),https://movie.douban.com/subject/3743114/,8.5,"剧情,动作,犯罪",4,,,2021-02-16 08:25:22,2010 / 韩国 美国 中国香港 / 剧情 动作 犯罪 / 罗泓轸 / 河正宇 金允石
27619748,唐人街探案3,,https://dou.img.lithub.cc/movie/27619748.jpg,2021-02-12(中国大陆),https://movie.douban.com/subject/27619748/,5.3,"喜剧,悬疑",3,除了演员和期待值，剧情真的真的一般，大概就是1＞2＞3，强行植入广告很反感，我感觉还不如网剧的案子精,,2021-02-14 10:21:43,2021 / 中国大陆 中国香港 日本 / 喜剧 悬疑 / 陈思诚 / 王宝强 刘昊然
30346025,电话,,https://dou.img.lithub.cc/movie/30346025.jpg,2020-11-27(韩国网络),https://movie.douban.com/subject/30346025/,7.6,"剧情,惊悚",5,创意不错 ，如果不烂尾那就是一部神级片了，也不能说是烂尾，只能说画蛇添足了，全鈡瑞太酷 太帅 太好看演技我直接吹爆 爱了爱了(⑉°з°)-♡全鈡瑞,,2020-12-01 01:26:21,2020 / 韩国 / 剧情 惊悚 / 李聪贤 / 朴信惠 全钟瑞
27109171,娑婆诃,,https://dou.img.lithub.cc/movie/27109171.jpg,2019-02-20(韩国),https://movie.douban.com/subject/27109171/,7.2,"剧情,悬疑,惊悚",5,,,2020-11-27 01:12:00,2019 / 韩国 / 剧情 悬疑 惊悚 / 张宰贤 / 李政宰 朴正民
26754233,八佰,,https://dou.img.lithub.cc/movie/26754233.jpg,2020-08-21(中国大陆),https://movie.douban.com/subject/26754233/,7.5,"剧情,历史,战争",1,"評論要一星才能評價，為什麼你們給這部電影那麽高的分？？？導致我浪費近兩小時去看它？根據真實事件，難道是我的歷史學歪了？還是這是一部戰爭片？？？但是也沒有那種熱血的感覺啊，導演想拍什麼我都看不懂，中國電影的悲哀...

隨便提一下 ，抗日片太血腥了  ，建議廣電和諧一下，建議把紅血改用藍墨水！什麼恐怖片不能有鬼封建迷信，什麼電影電視不能血腥，還有比抗日片更血腥的嗎，國產？算了吧",,2020-11-02 00:56:03,2020 / 中国大陆 / 剧情 历史 战争 / 管虎 / 王千源 张译
5317291,西游记之大闹天宫,,https://dou.img.lithub.cc/movie/5317291.jpg,2014-01-31(中国大陆),https://movie.douban.com/subject/5317291/,4.4,"动作,奇幻",1,好一部巨星云集的烂片，我也不知都我应不应该点已看，因为看了片头我就看不下去,,2020-09-11 10:08:06,2014 / 中国大陆 中国香港 / 动作 奇幻 / 郑保瑞 / 甄子丹 周润发
30211551,恶人传,,https://dou.img.lithub.cc/movie/30211551.jpg,2019-05-15(韩国),https://movie.douban.com/subject/30211551/,7.8,"剧情,动作,犯罪",5,很早以前看过的一部电影，黑帮老大为了报仇进监狱,,2020-09-11 09:45:59,2019 / 韩国 / 剧情 动作 犯罪 / 李元泰 / 马东锡 金武烈
26357307,花木兰,,https://dou.img.lithub.cc/movie/26357307.jpg,2020-09-11(中国大陆),https://movie.douban.com/subject/26357307/,4.9,"动作,冒险,古装",5,"这部电影我等了很久，先给五星 内含情怀和刘亦菲，如果以我的期待值打分的话，满分十分只有六分，但是我很理解，因为导演是国外的，有任何能拍出满分中国古代题材的电影呢，如果能？那国内算什么，再说国内也只盛产烂片，
然后我再说说我对这个电影的看法吧 ，感觉动作方面有待提高 还有最后的反派女巫也没有必要被打动，不过在外国人眼中我们的皇帝很厉害啊，因为我们国内拍的皇帝大部分都是又怂又糊涂的","花木兰,刘亦菲,古装",2020-09-05 23:12:38,2020 / 美国 中国香港 / 动作 冒险 古装 / 妮琪·卡罗 / 刘亦菲 甄子丹
30433391,变身,,https://dou.img.lithub.cc/movie/30433391.jpg,2019-08-21(韩国),https://movie.douban.com/subject/30433391/,6.1,恐怖,4,,,2020-08-30 23:25:00,2019 / 韩国 / 恐怖 / 金泓善 / 裴晟祐 成东日
25884541,汉尼拔 第三季,,https://dou.img.lithub.cc/movie/25884541.jpg,2015-06-04(美国),https://movie.douban.com/subject/25884541/,9,"剧情,惊悚,犯罪",5,最后两人相拥滚向大海的时候，我怎么有种想哭的感觉？,汉尼拔,2020-08-30 21:00:16,2015 / 美国 / 剧情 惊悚 犯罪 / 文森佐·纳塔利 尼尔·马歇尔 马克·约布斯特 吉列尔莫·纳瓦罗 亚当·肯恩 约翰·达尔 迈克尔·瑞迈尔 / 麦斯·米科尔森 休·丹西
26389331,阿修罗,,https://dou.img.lithub.cc/movie/26389331.jpg,2016-09-12(多伦多电影节),https://movie.douban.com/subject/26389331/,7.6,"剧情,动作,犯罪",4,没有一个是好人,,2020-08-29 07:33:19,2016 / 韩国 / 剧情 动作 犯罪 / 金成洙 / 郑雨盛 黄政民
34851242,黑钱,,https://dou.img.lithub.cc/movie/34851242.jpg,2019-11-13(韩国),https://movie.douban.com/subject/34851242/,6.8,"剧情,犯罪",4,,,2020-08-15 11:17:28,2019 / 韩国 / 剧情 犯罪 / 郑智泳 / 赵震雄 李荷妮
25766529,走到尽头,,https://dou.img.lithub.cc/movie/25766529.jpg,2014-05-18(戛纳电影节),https://movie.douban.com/subject/25766529/,8,"动作,惊悚,犯罪",5,韩国电影的魅力,,2020-08-15 11:16:07,2014 / 韩国 / 动作 惊悚 犯罪 / 金成勋 / 李善均 赵震雄
1424334,洞,,https://dou.img.lithub.cc/movie/1424334.jpg,1960-03-18(法国),https://movie.douban.com/subject/1424334/,9.2,"剧情,惊悚,犯罪",5,凿开了无数的洞，最终还是躲不过人性的黑洞。,"经典,越狱,犯罪",2020-08-14 18:48:27,1960 / 法国 意大利 / 剧情 惊悚 犯罪 / 雅克·贝克 / 马克·米歇尔 吉恩·凯乐蒂
24733062,未知电视剧,,https://dou.img.lithub.cc/movie/24733062.jpg,,https://movie.douban.com/subject/24733062/,0,,5,还行,,2020-07-27 09:32:17,
1652592,阿丽塔：战斗天使,,https://dou.img.lithub.cc/movie/1652592.jpg,2019-02-22(中国大陆),https://movie.douban.com/subject/1652592/,7.5,"动作,科幻,冒险",,,,2020-07-27 09:31:02,2019 / 美国 日本 加拿大 / 动作 科幻 冒险 / 罗伯特·罗德里格兹 / 罗莎·萨拉查 克里斯托弗·瓦尔兹
10539856,汉尼拔 第一季,,https://dou.img.lithub.cc/movie/10539856.jpg,2013-04-04,https://movie.douban.com/subject/10539856/,8.6,"悬疑,惊悚,犯罪",5,我感觉可以,,2020-07-23 23:13:54,2013 / 美国 / 悬疑 惊悚 犯罪 / 大卫·斯雷德 迈克尔·瑞迈尔 彼得·梅达克 吉列尔莫·纳瓦罗 詹姆斯·弗雷 蒂姆·亨特 约翰·达尔 / 麦斯·米科尔森 休·丹西
1301746,汉尼拔,,https://dou.img.lithub.cc/movie/1301746.jpg,2001-02-09(美国),https://movie.douban.com/subject/1301746/,8.3,"惊悚,犯罪",4,掀起你的头盖骨,,2020-07-20 09:30:55,2001 / 英国 美国 / 惊悚 犯罪 / 雷德利·斯科特 / 安东尼·霍普金斯 朱丽安·摩尔
1866475,无敌浩克,,https://dou.img.lithub.cc/movie/1866475.jpg,2008-08-20(中国大陆),https://movie.douban.com/subject/1866475/,7.1,"动作,科幻,惊悚",4,补上了 但是我觉得应该从研发开始拍会毕竟好看吧 ，这个连剧情都不是很懂,,2020-07-15 23:23:03,2008 / 美国 / 动作 科幻 惊悚 / 路易斯·莱特里尔 / 爱德华·诺顿 丽芙·泰勒
26931786,蜘蛛侠：英雄远征,,https://dou.img.lithub.cc/movie/26931786.jpg,2019-06-28(中国大陆),https://movie.douban.com/subject/26931786/,7.6,"动作,科幻,冒险",,,,2020-07-15 21:33:40,2019 / 美国 / 动作 科幻 冒险 / 乔·沃茨 / 汤姆·赫兰德 赞达亚
26100958,复仇者联盟4：终局之战,,https://dou.img.lithub.cc/movie/26100958.jpg,2019-04-24(中国大陆),https://movie.douban.com/subject/26100958/,8.5,"剧情,动作,科幻",,,,2020-07-15 21:33:38,2019 / 美国 / 剧情 动作 科幻 奇幻 冒险 / 安东尼·罗素 乔·罗素 / 小罗伯特·唐尼 克里斯·埃文斯
26213252,惊奇队长,,https://dou.img.lithub.cc/movie/26213252.jpg,2019-03-08(中国大陆),https://movie.douban.com/subject/26213252/,6.8,"动作,科幻,冒险",,,,2020-07-15 21:33:36,2019 / 美国 澳大利亚 / 动作 科幻 冒险 / 安娜·波顿 瑞安·弗雷克 / 布丽·拉尔森 裘德·洛
26636712,蚁人2：黄蜂女现身,,https://dou.img.lithub.cc/movie/26636712.jpg,2018-08-24(中国大陆),https://movie.douban.com/subject/26636712/,7.2,"动作,科幻,冒险",,,,2020-07-15 21:33:34,2018 / 美国 / 动作 科幻 冒险 / 佩顿·里德 / 保罗·路德 伊万杰琳·莉莉
25821634,雷神3：诸神黄昏,,https://dou.img.lithub.cc/movie/25821634.jpg,2017-11-03(中国大陆),https://movie.douban.com/subject/25821634/,7.4,"动作,奇幻,冒险",,,,2020-07-15 21:33:32,2017 / 美国 / 动作 奇幻 冒险 / 塔伊加·维迪提 / 克里斯·海姆斯沃斯 汤姆·希德勒斯顿
24753477,蜘蛛侠：英雄归来,,https://dou.img.lithub.cc/movie/24753477.jpg,2017-09-08(中国大陆),https://movie.douban.com/subject/24753477/,7.3,"动作,科幻,冒险",,,,2020-07-15 21:33:29,2017 / 美国 / 动作 科幻 冒险 / 乔·沃茨 / 汤姆·赫兰德 小罗伯特·唐尼
25937854,银河护卫队2,,https://dou.img.lithub.cc/movie/25937854.jpg,2017-05-05(中国大陆),https://movie.douban.com/subject/25937854/,8,"动作,科幻,冒险",,,,2020-07-15 21:33:28,2017 / 美国 / 动作 科幻 冒险 / 詹姆斯·古恩 / 克里斯·帕拉特 佐伊·索尔达娜
3025375,奇异博士,,https://dou.img.lithub.cc/movie/3025375.jpg,2016-11-04(中国大陆),https://movie.douban.com/subject/3025375/,7.6,"动作,奇幻,冒险",,,,2020-07-15 21:33:26,2016 / 美国 / 动作 奇幻 冒险 / 斯科特·德瑞克森 / 本尼迪克特·康伯巴奇 蒂尔达·斯文顿
25820460,美国队长3,,https://dou.img.lithub.cc/movie/25820460.jpg,2016-05-06(中国大陆),https://movie.douban.com/subject/25820460/,7.9,"动作,科幻",,,,2020-07-15 21:33:23,2016 / 美国 / 动作 科幻 / 安东尼·罗素 乔·罗素 / 克里斯·埃文斯 小罗伯特·唐尼
1866473,蚁人,,https://dou.img.lithub.cc/movie/1866473.jpg,2015-10-16(中国大陆),https://movie.douban.com/subject/1866473/,7.7,"动作,科幻,冒险",,,,2020-07-15 21:33:21,2015 / 美国 / 动作 科幻 冒险 / 佩顿·里德 / 保罗·路德 迈克尔·道格拉斯
10741834,复仇者联盟2：奥创纪元,,https://dou.img.lithub.cc/movie/10741834.jpg,2015-05-12(中国大陆),https://movie.douban.com/subject/10741834/,7.5,"动作,科幻,奇幻",,,,2020-07-15 21:33:19,2015 / 美国 / 动作 科幻 奇幻 冒险 / 乔斯·韦登 / 小罗伯特·唐尼 克里斯·海姆斯沃斯
7065154,银河护卫队,,https://dou.img.lithub.cc/movie/7065154.jpg,2014-10-10(中国大陆),https://movie.douban.com/subject/7065154/,8.1,"动作,科幻,冒险",,,,2020-07-15 21:33:17,2014 / 美国 / 动作 科幻 冒险 / 詹姆斯·古恩 / 克里斯·帕拉特 佐伊·索尔达娜
6390823,美国队长2,,https://dou.img.lithub.cc/movie/6390823.jpg,2014-04-04(中国大陆),https://movie.douban.com/subject/6390823/,8,"动作,科幻,惊悚",,,,2020-07-15 21:33:15,2014 / 美国 / 动作 科幻 惊悚 冒险 / 安东尼·罗素 乔·罗素 / 克里斯·埃文斯 斯嘉丽·约翰逊
6560058,雷神2：黑暗世界,,https://dou.img.lithub.cc/movie/6560058.jpg,2013-11-08(中国大陆),https://movie.douban.com/subject/6560058/,7.4,"动作,奇幻,冒险",,,,2020-07-15 21:33:14,2013 / 美国 / 动作 奇幻 冒险 / 阿兰·泰勒 / 克里斯·海姆斯沃斯 娜塔莉·波特曼
3231742,钢铁侠3,,https://dou.img.lithub.cc/movie/3231742.jpg,2013-05-01(中国大陆),https://movie.douban.com/subject/3231742/,7.9,"动作,科幻",,,,2020-07-15 21:33:11,2013 / 美国 中国大陆 / 动作 科幻 / 沙恩·布莱克 / 小罗伯特·唐尼 盖·皮尔斯
1866479,复仇者联盟,,https://dou.img.lithub.cc/movie/1866479.jpg,2012-05-05(中国大陆),https://movie.douban.com/subject/1866479/,8.3,"动作,科幻,奇幻",,,,2020-07-15 21:33:09,2012 / 美国 / 动作 科幻 奇幻 冒险 / 乔斯·韦登 / 小罗伯特·唐尼 克里斯·埃文斯
2138838,美国队长,,https://dou.img.lithub.cc/movie/2138838.jpg,2011-09-09(中国大陆),https://movie.douban.com/subject/2138838/,7.2,"动作,科幻,冒险",,,,2020-07-15 21:33:07,2011 / 美国 / 动作 科幻 冒险 / 乔·庄斯顿 / 克里斯·埃文斯 海莉·阿特维尔
1866471,雷神,,https://dou.img.lithub.cc/movie/1866471.jpg,2011-05-08(中国大陆),https://movie.douban.com/subject/1866471/,7.2,"动作,奇幻,冒险",,,,2020-07-15 21:33:05,2011 / 美国 / 动作 奇幻 冒险 / 肯尼思·布拉纳 / 克里斯·海姆斯沃斯 娜塔莉·波特曼
3066739,钢铁侠2,,https://dou.img.lithub.cc/movie/3066739.jpg,2010-05-07(中国大陆),https://movie.douban.com/subject/3066739/,7.7,"动作,科幻,冒险",,,,2020-07-15 21:33:03,2010 / 美国 / 动作 科幻 冒险 / 乔恩·费儒 / 小罗伯特·唐尼 格温妮斯·帕特洛
1432146,钢铁侠,,https://dou.img.lithub.cc/movie/1432146.jpg,2008-04-30(中国大陆),https://movie.douban.com/subject/1432146/,8.4,"动作,科幻,惊悚",,,,2020-07-15 21:32:54,2008 / 美国 / 动作 科幻 惊悚 冒险 / 乔恩·费儒 / 小罗伯特·唐尼 泰伦斯·霍华德
6390825,黑豹,,https://dou.img.lithub.cc/movie/6390825.jpg,2018-03-09(中国大陆),https://movie.douban.com/subject/6390825/,6.5,"动作,科幻,冒险",4,,,2020-07-15 21:32:38,2018 / 美国 南非 / 动作 科幻 冒险 / 瑞恩·库格勒 / 查德维克·博斯曼 露皮塔·尼永奥
1401205,七剑,,https://dou.img.lithub.cc/movie/1401205.jpg,2005-07-29(中国大陆),https://movie.douban.com/subject/1401205/,6,"剧情,动作,武侠",4,没有剧情，如果是看过小说的话建议别看,,2020-07-15 21:27:51,2005 / 中国香港 中国大陆 韩国 / 剧情 动作 武侠 古装 / 徐克 / 甄子丹 黎明
30354606,唐人街探案,,https://dou.img.lithub.cc/movie/30354606.jpg,2020-01-01(中国大陆),https://movie.douban.com/subject/30354606/,7.1,"悬疑,惊悚,犯罪",3,如果第八集是结局，是满分，无奈我以为会有反转看到了第十集一半看不下去了，就扣掉两分吧,,2020-07-12 22:23:00,2020 / 中国大陆 / 悬疑 惊悚 犯罪 / 柯汶利 戴墨 姚文逸 来牧宽 / 邱泽 张钧甯
1292064,楚门的世界,,https://dou.img.lithub.cc/movie/1292064.jpg,1998-06-05(美国),https://movie.douban.com/subject/1292064/,9.4,"剧情,科幻",5,如果不能再见到你，祝你早午晚都安(ღ˘⌣˘ღ),,2020-07-10 23:18:55,1998 / 美国 / 剧情 科幻 / 彼得·威尔 / 金·凯瑞 劳拉·琳妮
1295644,这个杀手不太冷,,https://dou.img.lithub.cc/movie/1295644.jpg,1994-09-14(法国),https://movie.douban.com/subject/1295644/,9.4,"剧情,动作,犯罪",5,,,2020-07-10 21:37:30,1994 / 法国 美国 / 剧情 动作 犯罪 / 吕克·贝松 / 让·雷诺 娜塔莉·波特曼
1293544,沉默的羔羊,,https://dou.img.lithub.cc/movie/1293544.jpg,1991-02-14(美国),https://movie.douban.com/subject/1293544/,8.9,"剧情,惊悚,犯罪",5,,,2020-07-10 21:36:54,1991 / 美国 / 剧情 惊悚 犯罪 / 乔纳森·戴米 / 朱迪·福斯特 安东尼·霍普金斯
30318116,利刃出鞘,,https://dou.img.lithub.cc/movie/30318116.jpg,2019-11-29(中国大陆),https://movie.douban.com/subject/30318116/,8.1,"剧情,喜剧,悬疑",4,,,2020-07-09 08:35:44,2019 / 美国 / 剧情 喜剧 悬疑 犯罪 / 莱恩·约翰逊 / 丹尼尔·克雷格 安娜·德·阿玛斯
26235346,犯罪现场,,https://dou.img.lithub.cc/movie/26235346.jpg,2019-10-12(中国大陆),https://movie.douban.com/subject/26235346/,6.2,"悬疑,惊悚,犯罪",4,黑哥加一分 ，但是越来越烂了,,2020-07-05 23:37:28,2019 / 中国香港 / 悬疑 惊悚 犯罪 / 冯志强 / 古天乐 宣萱
2027938,神探,,https://dou.img.lithub.cc/movie/2027938.jpg,2008-02-22(中国大陆),https://movie.douban.com/subject/2027938/,8.5,"动作,悬疑,惊悚",5,白瞎了我到现在才看， ,,2020-07-05 23:35:09,2007 / 中国香港 / 动作 悬疑 惊悚 犯罪 / 杜琪峰 韦家辉 / 刘青云 安志杰
34845342,侵入者,,https://dou.img.lithub.cc/movie/34845342.jpg,2020-06-04(韩国),https://movie.douban.com/subject/34845342/,6.5,"悬疑,惊悚",3,前面很完美，如果是以抑郁症 多重人格为结局，肯定是一部佳片，我想她的确是妹妹，只不过是入了邪教，而最后的黄色气球也应该是男主幻想，作为一个放手的理由,,2020-06-29 00:02:53,2020 / 韩国 / 悬疑 惊悚 / 孙元平 / 宋智孝 金武烈
3992381,不可饶恕,,https://dou.img.lithub.cc/movie/3992381.jpg,2010-01-07(韩国),https://movie.douban.com/subject/3992381/,7.8,惊悚,4,第一法医？教授？怎么连一具尸体是不是完整是不是同一个人的都分不清楚，好在最后的结局我比较满意吧 ！ 让自己割割砍砍自己的女儿的确很难受，但对于一个靠自己的职业受赂的法医来说一点也不过分。,,2020-06-23 00:17:24,2010 / 韩国 / 惊悚 / 金亨俊 / 薛景求 韩惠轸
1329562,头文字D,,https://dou.img.lithub.cc/movie/1329562.jpg,2005-06-23(中国大陆),https://movie.douban.com/subject/1329562/,7.8,"剧情,动作",4,,,2020-06-22 18:03:45,2005 / 中国香港 日本 / 剧情 动作 / 刘伟强 麦兆辉 / 周杰伦 陈冠希
24745500,绣春刀,,https://dou.img.lithub.cc/movie/24745500.jpg,2014-08-07(中国大陆),https://movie.douban.com/subject/24745500/,7.7,"剧情,动作,武侠",4,,,2020-06-21 09:37:18,2014 / 中国大陆 / 剧情 动作 武侠 古装 / 路阳 / 张震 刘诗诗
24743711,催眠大师,,https://dou.img.lithub.cc/movie/24743711.jpg,2014-04-29(中国大陆),https://movie.douban.com/subject/24743711/,7.6,"悬疑,惊悚",4,,,2020-06-21 09:36:44,2014 / 中国大陆 / 悬疑 惊悚 / 陈正道 / 徐峥 莫文蔚
1871220,霹雳先锋,,https://dou.img.lithub.cc/movie/1871220.jpg,1988-06-23(中国香港),https://movie.douban.com/subject/1871220/,7.3,"喜剧,动作,犯罪",4,,,2020-06-21 09:36:29,1988 / 中国香港 / 喜剧 动作 犯罪 / 黄柏文 / 李修贤 周星驰
1302393,僵尸叔叔,,https://dou.img.lithub.cc/movie/1302393.jpg,1988-12-22,https://movie.douban.com/subject/1302393/,8.2,"喜剧,恐怖",4,,,2020-06-21 09:36:19,1988 / 中国香港 / 喜剧 恐怖 / 刘观伟 / 午马 钱嘉乐
20443013,救火英雄,,https://dou.img.lithub.cc/movie/20443013.jpg,2014-01-03(中国大陆),https://movie.douban.com/subject/20443013/,7.3,"动作,灾难",4,,,2020-06-21 09:36:05,2014 / 中国香港 中国大陆 / 动作 灾难 / 郭子健 / 谢霆锋 余文乐
26363254,战狼2,,https://dou.img.lithub.cc/movie/26363254.jpg,2017-07-27(中国大陆),https://movie.douban.com/subject/26363254/,7.1,"动作,战争",4,,,2020-06-21 09:35:43,2017 / 中国大陆 / 动作 战争 / 吴京 / 吴京 弗兰克·格里罗
10344754,毒战,,https://dou.img.lithub.cc/movie/10344754.jpg,2013-04-02(中国大陆),https://movie.douban.com/subject/10344754/,7.6,"剧情,动作,犯罪",4,,,2020-06-21 09:35:33,2012 / 中国大陆 中国香港 / 剧情 动作 犯罪 / 杜琪峰 / 孙红雷 古天乐
25853727,破风,,https://dou.img.lithub.cc/movie/25853727.jpg,2015-08-07(中国大陆),https://movie.douban.com/subject/25853727/,7.3,"剧情,运动",5,我也爱好骑行，但是彭于晏比我帅辣么一丢丢,,2020-06-21 09:35:01,2015 / 中国香港 中国大陆 / 剧情 运动 / 林超贤 / 彭于晏 窦骁
27003543,与神同行2：因与缘,,https://dou.img.lithub.cc/movie/27003543.jpg,2018-08-01(韩国),https://movie.douban.com/subject/27003543/,7.6,"动作,奇幻",3,之前的第一部满分打错了 ，这部三分 ，第一步是真的催人泪下,,2020-06-21 09:25:41,2018 / 韩国 / 动作 奇幻 / 金容华 / 河正宇 朱智勋
11584016,与神同行：罪与罚,,https://dou.img.lithub.cc/movie/11584016.jpg,2017-12-20(韩国),https://movie.douban.com/subject/11584016/,7.8,"剧情,奇幻",5, 感觉只有一部就够了,,2020-06-21 09:24:26,2017 / 韩国 / 剧情 奇幻 / 金容华 / 河正宇 车太贤
11600078,目击者之追凶,,https://dou.img.lithub.cc/movie/11600078.jpg,2017-03-31(中国台湾),https://movie.douban.com/subject/11600078/,8.2,"悬疑,惊悚,犯罪",5,可惜只能给5星 ，白瞎了值一百星的片子，每个人都是新手,,2020-06-19 19:51:04,2017 / 中国台湾 / 悬疑 惊悚 犯罪 / 程伟豪 / 庄凯勋 许玮甯
27019527,嘉年华,,https://dou.img.lithub.cc/movie/27019527.jpg,2017-11-24(中国大陆),https://movie.douban.com/subject/27019527/,8.2,剧情,3,看评论超越素媛才看的 ，然而并没有,,2020-06-19 17:54:18,2017 / 中国大陆 法国 / 剧情 / 文晏 / 文淇 周美君
1827713,卑劣的街头,,https://dou.img.lithub.cc/movie/1827713.jpg,2006-06-15(韩国),https://movie.douban.com/subject/1827713/,8,"动作,惊悚,犯罪",5,,,2020-06-19 15:36:57,2006 / 韩国 / 动作 惊悚 犯罪 / 庾河 / 赵寅成 千虎珍
25706773,硬核亨利,,https://dou.img.lithub.cc/movie/25706773.jpg,2015-09-12(多伦多电影节),https://movie.douban.com/subject/25706773/,7.7,"动作,科幻,冒险",5,对于一个游戏玩家 ，感觉就像自己操作通关了一样喜悦,,2020-06-19 15:33:34,2015 / 俄罗斯 美国 中国大陆 / 动作 科幻 冒险 / 伊利亚·奈舒勒 / 沙尔托·科普雷 丹尼拉·科兹洛夫斯基
26588308,死侍2：我爱我家,,https://dou.img.lithub.cc/movie/26588308.jpg,2019-01-25(中国大陆),https://movie.douban.com/subject/26588308/,7.3,"喜剧,动作,科幻",4,,,2020-06-18 18:33:37,2018 / 美国 / 喜剧 动作 科幻 冒险 / 大卫·雷奇 / 瑞安·雷诺兹 乔什·布洛林
26611804,三块广告牌,,https://dou.img.lithub.cc/movie/26611804.jpg,2018-03-02(中国大陆),https://movie.douban.com/subject/26611804/,8.7,"剧情,犯罪",5,,,2020-06-18 18:33:03,2017 / 英国 美国 / 剧情 犯罪 / 马丁·麦克唐纳 / 弗兰西斯·麦克多蒙德 伍迪·哈里森
24773958,复仇者联盟3：无限战争,,https://dou.img.lithub.cc/movie/24773958.jpg,2018-05-11(中国大陆),https://movie.douban.com/subject/24773958/,8.1,"动作,科幻,奇幻",5,,,2020-06-18 18:32:47,2018 / 美国 / 动作 科幻 奇幻 冒险 / 安东尼·罗素 乔·罗素 / 小罗伯特·唐尼 克里斯·海姆斯沃斯
26985127,一出好戏,,https://dou.img.lithub.cc/movie/26985127.jpg,2018-08-10(中国大陆),https://movie.douban.com/subject/26985127/,7.1,"剧情,喜剧",4,,,2020-06-18 18:32:38,2018 / 中国大陆 / 剧情 喜剧 / 黄渤 / 黄渤 舒淇
27605698,西虹市首富,,https://dou.img.lithub.cc/movie/27605698.jpg,2018-07-27(中国大陆),https://movie.douban.com/subject/27605698/,6.6,喜剧,4,,,2020-06-18 18:32:29,2018 / 中国大陆 / 喜剧 / 闫非 彭大魔 / 沈腾 宋芸桦
26698897,唐人街探案2,,https://dou.img.lithub.cc/movie/26698897.jpg,2018-02-16(中国大陆),https://movie.douban.com/subject/26698897/,6.6,"喜剧,动作,悬疑",4,,,2020-06-18 18:32:19,2018 / 中国大陆 / 喜剧 动作 悬疑 / 陈思诚 / 王宝强 刘昊然
26861685,红海行动,,https://dou.img.lithub.cc/movie/26861685.jpg,2018-02-16(中国大陆),https://movie.douban.com/subject/26861685/,8.2,"动作,战争",4,,,2020-06-18 18:32:03,2018 / 中国大陆 中国香港 / 动作 战争 / 林超贤 / 张译 黄景瑜
4920389,头号玩家,,https://dou.img.lithub.cc/movie/4920389.jpg,2018-03-30(中国大陆),https://movie.douban.com/subject/4920389/,8.6,"动作,科幻,冒险",5,,,2020-06-18 18:31:53,2018 / 美国 / 动作 科幻 冒险 / 史蒂文·斯皮尔伯格 / 泰伊·谢里丹 奥利维亚·库克
27093707,升级,,https://dou.img.lithub.cc/movie/27093707.jpg,2018-03-10(西南偏南电影节),https://movie.douban.com/subject/27093707/,8.2,"动作,科幻,惊悚",5,,,2020-06-18 18:29:10,2018 / 美国 澳大利亚 / 动作 科幻 惊悚 / 雷·沃纳尔 / 罗根·马歇尔-格林 梅拉里·沃列何
2252778,夜魔,,https://dou.img.lithub.cc/movie/2252778.jpg,2009-07-31(美国),https://movie.douban.com/subject/2252778/,7.3,"惊悚,恐怖,犯罪",4,,,2020-06-18 18:20:18,2009 / 美国 / 惊悚 恐怖 犯罪 / 马库斯·邓斯坦 / 玛德琳·奇玛 安德里亚·罗斯
3742360,让子弹飞,,https://dou.img.lithub.cc/movie/3742360.jpg,2010-12-16(中国大陆),https://movie.douban.com/subject/3742360/,9,"剧情,喜剧,动作",4,,,2020-06-18 18:17:48,2010 / 中国大陆 中国香港 / 剧情 喜剧 动作 西部 / 姜文 / 姜文 葛优
1947114,跟踪,,https://dou.img.lithub.cc/movie/1947114.jpg,2007-06-21(中国香港),https://movie.douban.com/subject/1947114/,7.4,"惊悚,犯罪",4,看了韩版绝密追踪 韩版复制的很成功,,2020-06-18 08:26:23,2007 / 中国香港 / 惊悚 犯罪 / 游乃海 / 任达华 梁家辉
20388224,绝密跟踪,,https://dou.img.lithub.cc/movie/20388224.jpg,2014-09-16(中国大陆),https://movie.douban.com/subject/20388224/,7.7,"动作,犯罪",5,很喜欢这种片子 ，最后的达叔有点让我小激动,,2020-06-17 23:55:52,2013 / 韩国 / 动作 犯罪 / 曹义锡‍ 金丙书 / 薛景求 郑雨盛
10508876,邻居,,https://dou.img.lithub.cc/movie/10508876.jpg,2012-08-22(韩国),https://movie.douban.com/subject/10508876/,7.5,"剧情,惊悚",5,,,2020-06-13 11:31:56,2012 / 韩国 / 剧情 惊悚 / 金辉 / 金允珍 金赛纶
3011997,伊甸湖,,https://dou.img.lithub.cc/movie/3011997.jpg,2008-09-12(英国),https://movie.douban.com/subject/3011997/,7.7,惊悚,3,不是很喜欢欧美这种小成本，日韩的多好看啊,,2020-06-13 11:29:21,2008 / 英国 / 惊悚 / 詹姆斯·瓦特金斯 / 凯利·蕾莉 迈克尔·法斯宾德
27038235,薄荷,,https://dou.img.lithub.cc/movie/27038235.jpg,2018-09-07(美国),https://movie.douban.com/subject/27038235/,6.7,"剧情,动作,惊悚",4,这女主是要逆天吗，光坏忒大大大大了,,2020-06-13 11:27:23,2018 / 美国 / 剧情 动作 惊悚 / 皮埃尔·莫瑞尔 / 詹妮弗·加纳 小约翰·加拉赫
3097572,双子杀手,,https://dou.img.lithub.cc/movie/3097572.jpg,2019-10-18(中国大陆),https://movie.douban.com/subject/3097572/,6.8,"剧情,动作,科幻",4,到底怎么复制的你得交待一下吧,,2020-06-13 11:26:13,2019 / 美国 中国大陆 / 剧情 动作 科幻 / 李安 / 威尔·史密斯 玛丽·伊丽莎白·温斯特德
24530627,未知电影,,https://dou.img.lithub.cc/movie/24530627.jpg,,https://movie.douban.com/subject/24530627/,0,,1,一星给主题曲 ，我是听了《寂寞》才去看的,,2020-06-13 11:24:30,
2075994,连体阴,,https://dou.img.lithub.cc/movie/2075994.jpg,2007-03-29,https://movie.douban.com/subject/2075994/,6.4,"剧情,惊悚,恐怖",2,看不懂 ,,2020-06-10 23:32:21,2007 / 泰国 / 剧情 惊悚 恐怖 / 班庄·比辛达拿刚 柏德潘·王般 / 玛莎·华顿娜柏妮 Vittaya Wasukraipaisan
25955779,忍者神龟2：破影而出,,https://dou.img.lithub.cc/movie/25955779.jpg,2016-07-02(中国大陆),https://movie.douban.com/subject/25955779/,6.6,"喜剧,动作,科幻",3,,,2020-06-10 21:55:44,2016 / 美国 中国香港 中国大陆 加拿大 丹麦 德国 英国 / 喜剧 动作 科幻 冒险 / 戴夫·格林 / 梅根·福克斯 斯蒂芬·阿梅尔
30272986,0.0兆赫,,https://dou.img.lithub.cc/movie/30272986.jpg,2019-05-29(韩国),https://movie.douban.com/subject/30272986/,5.2,恐怖,3,,,2020-06-01 21:18:37,2019 / 韩国 / 恐怖 / 刘善东 / 郑恩地 李成烈
21937438,蒙太奇,,https://dou.img.lithub.cc/movie/21937438.jpg,2013-05-16(韩国),https://movie.douban.com/subject/21937438/,8.2,"剧情,惊悚,犯罪",3,,,2020-06-01 21:18:17,2013 / 韩国 / 剧情 惊悚 犯罪 / 郑根燮 / 金相庆 严正化
4901684,孩子们,,https://dou.img.lithub.cc/movie/4901684.jpg,2011-02-17(韩国),https://movie.douban.com/subject/4901684/,7.5,"悬疑,惊悚,犯罪",4,什麽都敢拍的韓國,,2020-05-19 10:12:17,2011 / 韩国 / 悬疑 惊悚 犯罪 / 李揆万 / 朴勇宇 柳承龙
24695966,杀人漫画,,https://dou.img.lithub.cc/movie/24695966.jpg,2013-06-27(韩国),https://movie.douban.com/subject/24695966/,7.2,"悬疑,惊悚,犯罪",4,,,2020-05-19 10:10:55,2013 / 韩国 / 悬疑 惊悚 犯罪 / 金容钧 / 严基俊 李施吟
25762566,道熙呀,,https://dou.img.lithub.cc/movie/25762566.jpg,2014-05-19(戛纳电影节),https://movie.douban.com/subject/25762566/,7.8,剧情,5,,,2020-05-19 10:10:38,2014 / 韩国 / 剧情 / 郑朱莉 / 裴斗娜 金赛纶
1291561,千与千寻,,https://dou.img.lithub.cc/movie/1291561.jpg,2019-06-21(中国大陆),https://movie.douban.com/subject/1291561/,9.4,"剧情,动画,奇幻",5,,,2020-05-19 10:09:03,2001 / 日本 / 剧情 动画 奇幻 / 宫崎骏 / 柊瑠美 入野自由
30241298,南山的部长们,,https://dou.img.lithub.cc/movie/30241298.jpg,2020-01-22(韩国),https://movie.douban.com/subject/30241298/,8.2,"剧情,惊悚,历史",4,很奇怪的是:壞人本身就很壞所以做什麽都會覺得理所應當，浪子回頭更是有一種重生的感覺，但是好人一旦做錯一件事，哪怕這件事小到不能再小也會去職責去鄙視,,2020-05-19 09:58:18,2020 / 韩国 / 剧情 惊悚 历史 / 禹民镐 / 李秉宪 李星民
25977027,小姐,,https://dou.img.lithub.cc/movie/25977027.jpg,2016-05-14(戛纳电影节),https://movie.douban.com/subject/25977027/,8.5,"剧情,悬疑,情色",5,反转再反转,,2020-05-18 10:47:07,2016 / 韩国 / 剧情 悬疑 情色 同性 / 朴赞郁 / 金敏喜 金泰梨
1889243,星际穿越,,https://dou.img.lithub.cc/movie/1889243.jpg,2014-11-12(中国大陆),https://movie.douban.com/subject/1889243/,9.4,"剧情,科幻,冒险",5,最喜欢的太空宇宙片 ,,2020-05-14 00:21:02,2014 / 美国 英国 加拿大 / 剧情 科幻 冒险 / 克里斯托弗·诺兰 / 马修·麦康纳 安妮·海瑟薇
1292052,肖申克的救赎,,https://dou.img.lithub.cc/movie/1292052.jpg,1994-09-10(多伦多电影节),https://movie.douban.com/subject/1292052/,9.7,"剧情,犯罪",5,,,2020-05-14 00:19:39,1994 / 美国 / 剧情 犯罪 / 弗兰克·德拉邦特 / 蒂姆·罗宾斯 摩根·弗里曼
30166972,少年的你,,https://dou.img.lithub.cc/movie/30166972.jpg,2019-10-25(中国大陆),https://movie.douban.com/subject/30166972/,8.2,"剧情,爱情,犯罪",5,至曾经的那个少年,,2020-05-14 00:17:44,2019 / 中国大陆 中国香港 / 剧情 爱情 犯罪 / 曾国祥 / 周冬雨 易烊千玺
6383567,猫：看见死亡的双眼,,https://dou.img.lithub.cc/movie/6383567.jpg,2011-07-07(韩国),https://movie.douban.com/subject/6383567/,6.2,恐怖,3,,,2020-05-13 12:01:18,2011 / 韩国 / 恐怖 / 卞承旭 / 朴敏英 金东旭
27000084,变身特工,,https://dou.img.lithub.cc/movie/27000084.jpg,2020-01-03(中国大陆),https://movie.douban.com/subject/27000084/,7.3,"喜剧,动作,科幻",5,,,2020-05-13 12:00:58,2019 / 美国 / 喜剧 动作 科幻 动画 / 尼克·布鲁诺 特洛伊·奎安 / 威尔·史密斯 汤姆·赫兰德
2132473,僵尸世界大战,,https://dou.img.lithub.cc/movie/2132473.jpg,2013-06-02(伦敦首映),https://movie.douban.com/subject/2132473/,7.6,"动作,科幻,恐怖",4,,,2020-05-11 22:19:29,2013 / 美国 英国 马耳他 / 动作 科幻 恐怖 / 马克·福斯特 / 布拉德·皮特 米瑞·伊诺丝 Mireille Enos
10437779,新世界,,https://dou.img.lithub.cc/movie/10437779.jpg,2013-02-21(韩国),https://movie.douban.com/subject/10437779/,8.9,"剧情,犯罪",5,假戏真做 就该这样,,2020-05-11 22:17:14,2013 / 韩国 / 剧情 犯罪 / 朴勋政 / 李政宰 崔岷植
1308047,蔷花，红莲,,https://dou.img.lithub.cc/movie/1308047.jpg,2003-06-13(韩国),https://movie.douban.com/subject/1308047/,7.2,"剧情,悬疑,惊悚",5,"看完才能懂，同样是多重人格为什么国内就那么烂，而且人家还是03年的片，故事主要是从蔷花被问话开始回忆，父亲让女儿下车是这样说的""你不要下来吗""当时出来的是两姐妹，当时以为是bug，看完才懂。
    简单说就是继母上位 亲妈自杀 随便带走红莲  蔷花因为和继母斗嘴没去看 而继母隐瞒真相 在接着就是片头开始的地方，只不过是蔷花一个人创造了另一个世界 继母 红莲 蔷花都是她自己，到最后蔷花去精神病 但是有一个镜头是在蔷花这边是回忆（灰色镜头）而继母那边是正在发生的，所有继母也是糟了报应，应该是被正主带走，而片中的绿鬼是红莲 白鬼是正牌，
总结就是好看(｡･ω･｡)ﾉ♡",,2020-05-11 02:39:44,2003 / 韩国 / 剧情 悬疑 惊悚 恐怖 / 金知云 / 林秀晶 文根英
30207919,安娜贝尔3：回家,,https://dou.img.lithub.cc/movie/30207919.jpg,2019-06-26(美国),https://movie.douban.com/subject/30207919/,6.1,"悬疑,惊悚,恐怖",4,,,2020-05-10 20:05:57,2019 / 美国 / 悬疑 惊悚 恐怖 / 加里·多伯曼 / 维拉·法米加 帕特里克·威尔森
1866462,恶魔的艺术2：邪降,,https://dou.img.lithub.cc/movie/1866462.jpg,2005-12-01(泰国),https://movie.douban.com/subject/1866462/,7.5,"恐怖,奇幻",4,,,2020-05-10 20:04:41,2005 / 泰国 / 恐怖 奇幻 / Pasith Buranajan Kongkiat Khomsiri Isara Nadee Seree Phongnithi Yosapong Polsap Putipong Saisikaew Art Thamthrakul / 娜帕克帕发·纳克普拉西特 哈泰万·恩甘苏坎普西
2027923,第一诫,,https://dou.img.lithub.cc/movie/2027923.jpg,2008-09-04(中国香港),https://movie.douban.com/subject/2027923/,7.2,"动作,惊悚,恐怖",5,四星加一星情怀，国产加分,,2020-05-10 20:04:12,2008 / 中国香港 新加坡 / 动作 惊悚 恐怖 犯罪 / 唐永健 / 余文乐 郑伊健
1299265,我唾弃你的坟墓,,https://dou.img.lithub.cc/movie/1299265.jpg,1978-11-22(美国),https://movie.douban.com/subject/1299265/,6.4,"惊悚,恐怖",4,,,2020-05-10 20:03:24,1978 / 美国 / 惊悚 恐怖 / 梅尔·扎奇 / 卡米尔·基顿 Eron Tabor
1303847,致命弯道,,https://dou.img.lithub.cc/movie/1303847.jpg,2003-05-30,https://movie.douban.com/subject/1303847/,6.7,恐怖,3,,,2020-05-10 20:02:04,2003 / 美国 德国 / 恐怖 / 罗布·施密特 / 戴斯蒙德·哈灵顿 艾丽莎·杜什库
3150346,考死：血之期中考试,,https://dou.img.lithub.cc/movie/3150346.jpg,2008-08-06(韩国),https://movie.douban.com/subject/3150346/,6.4,"悬疑,惊悚,恐怖",3,,,2020-05-10 20:01:11,2008 / 韩国 / 悬疑 惊悚 恐怖 / 尹鸿承 / 李凡秀 南奎丽
1453067,隔山有眼,,https://dou.img.lithub.cc/movie/1453067.jpg,2006-03-10(美国),https://movie.douban.com/subject/1453067/,6.8,"惊悚,恐怖",4,,,2020-05-10 20:00:49,2006 / 美国 / 惊悚 恐怖 / 亚历山大·阿嘉 / 亚伦·斯坦福 凯瑟琳·奎南
3529375,厉鬼将映,,https://dou.img.lithub.cc/movie/3529375.jpg,2008-10-30,https://movie.douban.com/subject/3529375/,7.1,"惊悚,恐怖",4,,,2020-05-10 19:59:59,2008 / 泰国 / 惊悚 恐怖 / 索分·沙达菲斯 / 沃拉甘·罗娜瓦查拉 辰塔维·塔纳西维
27133569,小丑回魂2,,https://dou.img.lithub.cc/movie/27133569.jpg,2019-09-06(美国),https://movie.douban.com/subject/27133569/,6.4,"剧情,恐怖,奇幻",3,,,2020-05-10 19:59:36,2019 / 加拿大 美国 / 剧情 恐怖 奇幻 / 安德斯·穆斯切蒂 / 詹姆斯·麦卡沃伊 杰西卡·查斯坦
3872249,勺子杀人狂,,https://dou.img.lithub.cc/movie/3872249.jpg,2008-09-18,https://movie.douban.com/subject/3872249/,8.1,"喜剧,恐怖,短片",3,,,2020-05-10 19:58:29,2008 / 美国 / 喜剧 恐怖 短片 / 理查德·盖尔 / 保罗·克莱门斯 Richard Gale
1436870,死神来了3,,https://dou.img.lithub.cc/movie/1436870.jpg,2006-02-10(美国),https://movie.douban.com/subject/1436870/,7.2,"惊悚,恐怖",4,,,2020-05-10 19:55:11,2006 / 美国 / 惊悚 恐怖 / 黄毅瑜 / 玛丽·伊丽莎白·温斯特德 瑞恩·莫里曼
20513061,京城81号,,https://dou.img.lithub.cc/movie/20513061.jpg,2014-07-18(中国大陆),https://movie.douban.com/subject/20513061/,4.7,"剧情,悬疑,恐怖",1,,,2020-05-10 19:55:00,2014 / 中国大陆 / 剧情 悬疑 恐怖 / 叶伟民 / 吴镇宇 林心如
1307956,死神来了2,,https://dou.img.lithub.cc/movie/1307956.jpg,2003-01-31(美国),https://movie.douban.com/subject/1307956/,7.5,"惊悚,恐怖",4,,,2020-05-10 19:54:29,2003 / 美国 加拿大 / 惊悚 恐怖 / 大卫·R·艾里斯 / 艾丽·拉特 A·J·库克
1299765,回魂夜,,https://dou.img.lithub.cc/movie/1299765.jpg,1995-07-06,https://movie.douban.com/subject/1299765/,8.1,"喜剧,恐怖,奇幻",5,,,2020-05-10 19:54:16,1995 / 中国香港 / 喜剧 恐怖 奇幻 / 刘镇伟 / 周星驰 莫文蔚
1763134,汉江怪物,,https://dou.img.lithub.cc/movie/1763134.jpg,2007-03-06(中国大陆),https://movie.douban.com/subject/1763134/,7.6,"剧情,动作,科幻",4,,,2020-05-10 19:52:59,2006 / 韩国 / 剧情 动作 科幻 恐怖 / 奉俊昊 / 宋康昊 边希峰
4249355,孤胆特工,,https://dou.img.lithub.cc/movie/4249355.jpg,2011-09-16(中国大陆),https://movie.douban.com/subject/4249355/,8.2,"剧情,动作,惊悚",5,,,2020-05-10 19:37:02,2010 / 韩国 / 剧情 动作 惊悚 犯罪 / 李桢凡 / 元斌 金赛纶
3878157,电锯惊魂7,,https://dou.img.lithub.cc/movie/3878157.jpg,2010-10-29(美国),https://movie.douban.com/subject/3878157/,7.8,"悬疑,惊悚,恐怖",4,,,2020-05-10 19:29:15,2010 / 美国 加拿大 / 悬疑 惊悚 恐怖 / 凯文·格劳特 / 托宾·贝尔 科斯塔斯·曼迪勒
3105162,死亡录像2,,https://dou.img.lithub.cc/movie/3105162.jpg,2009-09-02(威尼斯电影节),https://movie.douban.com/subject/3105162/,6.9,"悬疑,惊悚,恐怖",3,,,2020-05-10 19:29:01,2009 / 西班牙 / 悬疑 惊悚 恐怖 / 豪梅·巴拉格罗 帕科·普拉萨 / 安德莉亚·罗斯 亚历克斯·巴特洛里
3097044,我唾弃你的坟墓,,https://dou.img.lithub.cc/movie/3097044.jpg,2010-05-01(美国),https://movie.douban.com/subject/3097044/,6.6,"惊悚,恐怖",4,,,2020-05-10 19:28:46,2010 / 美国 / 惊悚 恐怖 / 史蒂文·R·蒙若尔 / 莎拉·巴特勒 杰夫·布兰森
10485526,潜伏2,,https://dou.img.lithub.cc/movie/10485526.jpg,2013-09-13(美国),https://movie.douban.com/subject/10485526/,8.2,"惊悚,恐怖",3,,,2020-05-10 19:28:22,2013 / 美国 加拿大 / 惊悚 恐怖 / 温子仁 / 帕特里克·威尔森 罗丝·伯恩
25812885,安娜贝尔,,https://dou.img.lithub.cc/movie/25812885.jpg,2014-10-03(美国),https://movie.douban.com/subject/25812885/,6.5,"悬疑,惊悚,恐怖",4,,,2020-05-10 19:27:18,2014 / 美国 / 悬疑 惊悚 恐怖 / 约翰·R·莱昂耐迪 / 安娜贝拉·沃丽丝 瓦德·霍尔顿
26644205,安娜贝尔2：诞生,,https://dou.img.lithub.cc/movie/26644205.jpg,2017-08-11(美国),https://movie.douban.com/subject/26644205/,6.9,"悬疑,惊悚,恐怖",3,,,2020-05-10 19:26:48,2017 / 美国 / 悬疑 惊悚 恐怖 / 大卫·F·桑德伯格 / 斯黛芬妮·西格曼 特丽莎·贝特曼
10432911,流感,,https://dou.img.lithub.cc/movie/10432911.jpg,2013-08-14(韩国),https://movie.douban.com/subject/10432911/,7.8,"剧情,动作,冒险",4,,,2020-05-10 19:26:11,2013 / 韩国 / 剧情 动作 冒险 / 金成洙 / 张赫 秀爱
33404726,小委托人,,https://dou.img.lithub.cc/movie/33404726.jpg,2019-05-22(韩国),https://movie.douban.com/subject/33404726/,8.1,"剧情,犯罪",5,,,2020-05-10 19:26:01,2019 / 韩国 / 剧情 犯罪 / 张圭声 / 李东辉 柳善
26410594,隧道,,https://dou.img.lithub.cc/movie/26410594.jpg,2016-08-10(韩国),https://movie.douban.com/subject/26410594/,7.9,剧情,5,,,2020-05-10 19:25:46,2016 / 韩国 / 剧情 / 金成勋 / 河正宇 裴斗娜
21937452,素媛,,https://dou.img.lithub.cc/movie/21937452.jpg,2013-10-02(韩国),https://movie.douban.com/subject/21937452/,9.3,剧情,5,,,2020-05-10 19:25:33,2013 / 韩国 / 剧情 / 李濬益 / 薛景求 严志媛
1309184,恐怖蜡像馆,,https://dou.img.lithub.cc/movie/1309184.jpg,2005-05-06(美国),https://movie.douban.com/subject/1309184/,7,"惊悚,恐怖",3,,,2020-05-10 19:24:35,2005 / 美国 澳大利亚 / 惊悚 恐怖 / 佐米·希尔拉 / 伊丽莎·库斯伯特 查德·迈克尔·墨瑞
1304129,德州电锯杀人狂,,https://dou.img.lithub.cc/movie/1304129.jpg,2003-10-17(美国),https://movie.douban.com/subject/1304129/,6.9,"惊悚,恐怖",3,,,2020-05-10 19:24:23,2003 / 美国 / 惊悚 恐怖 / 马库斯·尼斯佩尔 / 杰西卡·贝尔 乔纳森·塔克
2350904,电锯惊魂5,,https://dou.img.lithub.cc/movie/2350904.jpg,2008-10-24(美国),https://movie.douban.com/subject/2350904/,7.8,"悬疑,惊悚,恐怖",4,,,2020-05-10 19:24:11,2008 / 美国 加拿大 / 悬疑 惊悚 恐怖 / 大卫·海克尔 / 托宾·贝尔 科斯塔斯·曼迪勒
1300300,死神来了,,https://dou.img.lithub.cc/movie/1300300.jpg,2000-03-17(美国),https://movie.douban.com/subject/1300300/,7.9,"惊悚,恐怖",4,,,2020-05-10 19:24:00,2000 / 美国 加拿大 / 惊悚 恐怖 / 黄毅瑜 / 戴文·萨瓦 艾丽·拉特
3075983,电锯惊魂6,,https://dou.img.lithub.cc/movie/3075983.jpg,2009-10-23(美国),https://movie.douban.com/subject/3075983/,7.9,"悬疑,惊悚,恐怖",4,,,2020-05-10 19:23:40,2009 / 美国 加拿大 / 悬疑 惊悚 恐怖 / 凯文·格劳特 / 托宾·贝尔 科斯塔斯·曼迪勒
1922273,电锯惊魂4,,https://dou.img.lithub.cc/movie/1922273.jpg,2007-10-26(美国),https://movie.douban.com/subject/1922273/,7.8,"悬疑,惊悚,恐怖",4,,,2020-05-10 19:23:26,2007 / 美国 加拿大 / 悬疑 惊悚 恐怖 / 达伦·林恩·鲍斯曼 / 托宾·贝尔 科斯塔斯·曼迪勒
1958808,电锯惊魂：重生,,https://dou.img.lithub.cc/movie/1958808.jpg,2005-10-25(美国),https://movie.douban.com/subject/1958808/,8.1,"动画,惊悚,恐怖",4,,,2020-05-10 19:23:13,2005 / 美国 / 动画 惊悚 恐怖 短片 / Jeff Shuter Daniel Viney / 乔治·威廉姆斯 斯坦·克里希
1474189,电锯惊魂3,,https://dou.img.lithub.cc/movie/1474189.jpg,2006-10-27(美国),https://movie.douban.com/subject/1474189/,8.1,"悬疑,惊悚,恐怖",5,,,2020-05-10 19:22:52,2006 / 美国 加拿大 / 悬疑 惊悚 恐怖 / 达伦·林恩·鲍斯曼 / 托宾·贝尔 肖妮·史密斯
1309045,电锯惊魂2,,https://dou.img.lithub.cc/movie/1309045.jpg,2005-10-28(美国),https://movie.douban.com/subject/1309045/,8.4,"悬疑,惊悚,恐怖",5,,,2020-05-10 19:22:28,2005 / 美国 加拿大 / 悬疑 惊悚 恐怖 / 达伦·林恩·鲍斯曼 / 托宾·贝尔 肖妮·史密斯
27594938,准备好了没,,https://dou.img.lithub.cc/movie/27594938.jpg,2019-08-21(美国),https://movie.douban.com/subject/27594938/,6.8,"悬疑,惊悚,恐怖",3,竟然是部喜剧片,,2020-05-09 00:53:31,2019 / 美国 / 悬疑 惊悚 恐怖 / 马特·贝蒂内利-奥尔平 泰勒·吉勒特 / 萨玛拉·维文 安迪·麦克道威尔
1418752,万能钥匙,,https://dou.img.lithub.cc/movie/1418752.jpg,2005-07-29(英国),https://movie.douban.com/subject/1418752/,8,"剧情,悬疑,恐怖",4,片名应该叫夺舍,,2020-05-04 23:44:09,2005 / 美国 德国 / 剧情 悬疑 恐怖 / 伊恩·索夫特雷 / 凯特·哈德森 吉娜·罗兰兹
1292225,闪灵,,https://dou.img.lithub.cc/movie/1292225.jpg,1980-05-23(美国),https://movie.douban.com/subject/1292225/,8.3,恐怖,5,,,2020-05-04 22:00:49,1980 / 英国 美国 / 恐怖 / 斯坦利·库布里克 / 杰克·尼科尔森 谢莉·杜瓦尔
1305114,山村老尸,,https://dou.img.lithub.cc/movie/1305114.jpg,1999-11-04(中国香港),https://movie.douban.com/subject/1305114/,6.9,恐怖,4,小时候的噩梦,,2020-05-04 22:00:36,1999 / 中国香港 / 恐怖 / 梁鸿华 / 吴镇宇 黎姿
4117274,灵动：鬼影实录2,,https://dou.img.lithub.cc/movie/4117274.jpg,2010-10-22,https://movie.douban.com/subject/4117274/,6.1,"惊悚,恐怖",4,,,2020-05-04 21:59:55,2010 / 美国 / 惊悚 恐怖 / 托德·威廉姆斯 / Josh Bredehoft
26945085,昆池岩,,https://dou.img.lithub.cc/movie/26945085.jpg,2018-03-28(韩国),https://movie.douban.com/subject/26945085/,6.3,恐怖,3,,,2020-05-04 21:58:57,2018 / 韩国 / 恐怖 / 郑范识 / 魏嘏隽 朴智炫
26384741,湮灭,,https://dou.img.lithub.cc/movie/26384741.jpg,2018-04-13(中国大陆),https://movie.douban.com/subject/26384741/,7.2,"剧情,科幻,惊悚",4,,,2020-05-04 21:58:43,2018 / 美国 英国 / 剧情 科幻 惊悚 / 亚历克斯·加兰 / 娜塔莉·波特曼 詹妮弗·杰森·李
1302047,未知电影,,https://dou.img.lithub.cc/movie/1302047.jpg,,https://movie.douban.com/subject/1302047/,0,,4,,,2020-05-04 21:57:55,
1308554,咒怨2,,https://dou.img.lithub.cc/movie/1308554.jpg,2003-05-16(戛纳电影节),https://movie.douban.com/subject/1308554/,7.6,恐怖,4,,,2020-05-04 21:57:39,2003 / 日本 / 恐怖 / 清水崇 / 酒井法子 葛山信吾
1306808,咒怨,,https://dou.img.lithub.cc/movie/1306808.jpg,2002-10-18(Screamfest恐怖电影节),https://movie.douban.com/subject/1306808/,7.6,"悬疑,恐怖",5,,,2020-05-04 21:57:20,2002 / 日本 / 悬疑 恐怖 / 清水崇 / 奥菜惠 伊东美咲
1307696,午夜凶铃,,https://dou.img.lithub.cc/movie/1307696.jpg,1998-01-31(日本),https://movie.douban.com/subject/1307696/,7.6,"悬疑,恐怖",4,,,2020-05-04 21:57:06,1998 / 日本 / 悬疑 恐怖 / 中田秀夫 / 松岛菜菜子 真田广之
1417598,电锯惊魂,,https://dou.img.lithub.cc/movie/1417598.jpg,2004-01-19(圣丹斯电影节),https://movie.douban.com/subject/1417598/,8.7,"悬疑,惊悚,恐怖",5,,,2020-05-04 21:56:49,2004 / 美国 / 悬疑 惊悚 恐怖 / 温子仁 / 雷·沃纳尔 加利·艾尔维斯
4817901,潜伏,,https://dou.img.lithub.cc/movie/4817901.jpg,2010-09-14(多伦多电影节),https://movie.douban.com/subject/4817901/,7.8,"惊悚,恐怖",4,,,2020-05-04 21:55:53,2010 / 美国 加拿大 / 惊悚 恐怖 / 温子仁 / 罗丝·伯恩 帕特里克·威尔森
25788426,电锯惊魂8：竖锯,,https://dou.img.lithub.cc/movie/25788426.jpg,2017-10-27(美国),https://movie.douban.com/subject/25788426/,7,"悬疑,惊悚,恐怖",4,,,2020-05-04 21:54:54,2017 / 美国 加拿大 / 悬疑 惊悚 恐怖 / 迈克尔·斯派瑞 彼得·斯派瑞 / 马特·帕斯摩尔 托宾·贝尔
3095514,阴风阵阵,,https://dou.img.lithub.cc/movie/3095514.jpg,2018-09-01(威尼斯电影节),https://movie.douban.com/subject/3095514/,6.8,"惊悚,恐怖",4,,,2020-05-04 21:54:08,2018 / 意大利 美国 / 惊悚 恐怖 / 卢卡·瓜达尼诺 / 达科塔·约翰逊 蒂尔达·斯文顿
27053945,我们,,https://dou.img.lithub.cc/movie/27053945.jpg,2019-03-08(西南偏南电影节),https://movie.douban.com/subject/27053945/,6.4,"悬疑,惊悚,恐怖",4,,,2020-05-04 21:53:57,2019 / 美国 日本 中国大陆 / 悬疑 惊悚 恐怖 / 乔丹·皮尔 / 露皮塔·尼永奥 温斯顿·杜克
20495023,寻梦环游记,,https://dou.img.lithub.cc/movie/20495023.jpg,2017-11-24(中国大陆),https://movie.douban.com/subject/20495023/,9.1,"喜剧,动画,音乐",5,满分,,2020-05-04 21:51:39,2017 / 美国 / 喜剧 动画 音乐 奇幻 / 李·昂克里奇 阿德里安·莫利纳 / 安东尼·冈萨雷斯 盖尔·加西亚·贝纳尔
30201003,寄宿学校,,https://dou.img.lithub.cc/movie/30201003.jpg,2018-08-31(美国),https://movie.douban.com/subject/30201003/,7.3,"悬疑,恐怖",4,有点没看懂，还是觉得厄运要好看些,,2020-05-04 21:31:53,2018 / 美国 / 悬疑 恐怖 / 鲍兹·亚金 / 卢克·普拉尔 斯特林·杰里斯
3604148,小丑回魂,,https://dou.img.lithub.cc/movie/3604148.jpg,2017-08-29(伦敦恐怖电影节),https://movie.douban.com/subject/3604148/,7.5,"剧情,恐怖",4,,,2020-05-04 19:36:55,2017 / 美国 加拿大 / 剧情 恐怖 / 安德斯·穆斯切蒂 / 比尔·斯卡斯加德 杰登·马泰尔
26339213,无名女尸,,https://dou.img.lithub.cc/movie/26339213.jpg,2016-09-09(多伦多电影节),https://movie.douban.com/subject/26339213/,7.6,恐怖,5,等一手续集,,2020-05-04 19:36:13,2016 / 英国 / 恐怖 / 安德烈·艾弗道夫 / 埃米尔·赫斯基 布莱恩·考克斯
26602900,魔女,,https://dou.img.lithub.cc/movie/26602900.jpg,2018-06-27(韩国),https://movie.douban.com/subject/26602900/,7.7,"动作,悬疑",5,特效干翻好莱坞,,2020-05-04 19:27:15,2018 / 韩国 / 动作 悬疑 / 朴勋政 / 金多美 赵敏修
3541415,盗梦空间,,https://dou.img.lithub.cc/movie/3541415.jpg,2010-09-01(中国大陆),https://movie.douban.com/subject/3541415/,9.4,"剧情,科幻,悬疑",5,假假真真 真真假假,,2020-05-04 19:24:11,2010 / 美国 英国 / 剧情 科幻 悬疑 冒险 / 克里斯托弗·诺兰 / 莱昂纳多·迪卡普里奥 约瑟夫·高登-莱维特
25884801,记忆大师,,https://dou.img.lithub.cc/movie/25884801.jpg,2017-04-28(中国大陆),https://movie.douban.com/subject/25884801/,7.1,"悬疑,惊悚",4,影片3星 国产情怀加1星，国产能拍出这样的效果真的不错，不过感觉结尾太草率了 ，可能是填前面的坑,,2020-05-04 19:22:21,2017 / 中国大陆 / 悬疑 惊悚 / 陈正道 / 黄渤 段奕宏
26657438,恐怖故事3：火星来的少女,,https://dou.img.lithub.cc/movie/26657438.jpg,2016-06-02(韩国),https://movie.douban.com/subject/26657438/,5,恐怖,3,,,2020-05-03 13:39:56,2016 / 韩国 / 恐怖 / 白承彬 金宣 金曲 闵奎东 / 任瑟雍 景收真
2054070,老师的恩惠,,https://dou.img.lithub.cc/movie/2054070.jpg,2006-08-03(韩国),https://movie.douban.com/subject/2054070/,6.9,"悬疑,惊悚,恐怖",4,,,2020-05-03 13:39:42,2006 / 韩国 / 悬疑 惊悚 恐怖 / 林大雄 / 徐英姬 吴美熙
6311983,不明影像：绝对点击禁止,,https://dou.img.lithub.cc/movie/6311983.jpg,2012-05-31(韩国),https://movie.douban.com/subject/6311983/,6.1,恐怖,4,,,2020-05-03 13:39:12,2012 / 韩国 / 恐怖 / 金泰经 / 朴宝英 周元
33423785,致命之旅,,https://dou.img.lithub.cc/movie/33423785.jpg,2019-02-21(韩国),https://movie.douban.com/subject/33423785/,5.7,"惊悚,恐怖",4,,,2020-05-03 13:38:34,2019 / 韩国 / 惊悚 恐怖 / 李洙成 / 李哲民  吴光禄
26281899,解除好友,,https://dou.img.lithub.cc/movie/26281899.jpg,2014-07-20(加拿大奇幻电影节),https://movie.douban.com/subject/26281899/,6.6,"惊悚,恐怖",5,,,2020-05-03 13:37:07,2014 / 美国 / 惊悚 恐怖 / 列万·加布里亚德兹 / 海瑟·索思曼 马修·波尔
26419635,高草丛中,,https://dou.img.lithub.cc/movie/26419635.jpg,2019-09-20(奥斯汀奇幻电影节),https://movie.douban.com/subject/26419635/,6.5,"剧情,惊悚,恐怖",5,,,2020-05-03 13:36:46,2019 / 加拿大 美国 / 剧情 惊悚 恐怖 / 文森佐·纳塔利 / 蕾斯拉·德·奥利维拉 艾弗里·维提德
21360417,恐怖直播,,https://dou.img.lithub.cc/movie/21360417.jpg,2013-07-31(韩国),https://movie.douban.com/subject/21360417/,8.7,"剧情,悬疑,犯罪",4,,,2020-05-03 13:35:21,2013 / 韩国 / 剧情 悬疑 犯罪 / 金秉祐 / 河正宇 李璟荣
30402296,天气之子,,https://dou.img.lithub.cc/movie/30402296.jpg,2019-11-01(中国大陆),https://movie.douban.com/subject/30402296/,7,"爱情,动画,奇幻",5,新海诚没让我失望过,,2020-05-03 13:30:33,2019 / 日本 / 爱情 动画 奇幻 / 新海诚 / 醍醐虎汰朗 森七菜
21324900,降临,,https://dou.img.lithub.cc/movie/21324900.jpg,2017-01-20(中国大陆),https://movie.douban.com/subject/21324900/,7.8,"剧情,科幻",4,,,2020-05-02 00:23:35,2016 / 美国 加拿大 / 剧情 科幻 / 丹尼斯·维伦纽瓦 / 艾米·亚当斯 杰瑞米·雷纳
26278747,在黑暗中讲述的恐怖故事,,https://dou.img.lithub.cc/movie/26278747.jpg,2019-08-09(美国),https://movie.douban.com/subject/26278747/,6.3,恐怖,4,,,2020-05-02 00:23:22,2019 / 美国 加拿大 墨西哥 / 恐怖 / 安德烈·艾弗道夫 / 佐伊·玛格丽特·科莱蒂 迈克尔·加尔扎
26709258,罗小黑战记,,https://dou.img.lithub.cc/movie/26709258.jpg,2019-09-07(中国大陆),https://movie.douban.com/subject/26709258/,8,"动作,动画,奇幻",5,国漫越来越好了，喜欢主题曲,,2020-05-02 00:20:03,2019 / 中国大陆 / 动作 动画 奇幻 / 木头 / 山新 郝祥海
30413052,攀登者,,https://dou.img.lithub.cc/movie/30413052.jpg,2019-09-30(中国大陆),https://movie.douban.com/subject/30413052/,6,"剧情,爱情,冒险",4,为了看胡歌的，没想到杨光的戏码那么少,,2020-05-02 00:19:22,2019 / 中国大陆 / 剧情 爱情 冒险 / 李仁港 / 吴京 章子怡
30306570,囧妈,,https://dou.img.lithub.cc/movie/30306570.jpg,2020-01-25(中国大陆网络),https://movie.douban.com/subject/30306570/,5.9,喜剧,3,没那味 ，还是穷途好看，不过也乐呵呵了,,2020-05-02 00:17:54,2020 / 中国大陆 / 喜剧 / 徐峥 / 徐峥 黄梅莹
26794435,哪吒之魔童降世,,https://dou.img.lithub.cc/movie/26794435.jpg,2019-07-26(中国大陆),https://movie.douban.com/subject/26794435/,8.4,"剧情,喜剧,动画",5,了不起的国漫 没想到国产动画也能这么好，继续努力,,2020-05-02 00:15:48,2019 / 中国大陆 / 剧情 喜剧 动画 奇幻 / 饺子 / 吕艳婷 囧森瑟夫
26885074,叶问4：完结篇,,https://dou.img.lithub.cc/movie/26885074.jpg,2019-12-20(中国大陆),https://movie.douban.com/subject/26885074/,6.8,"剧情,动作",4,叶问终结 ,,2020-05-02 00:14:06,2019 / 中国大陆 中国香港 / 剧情 动作 / 叶伟信 / 甄子丹 吴樾
27668250,南方车站的聚会,,https://dou.img.lithub.cc/movie/27668250.jpg,2019-12-06(中国大陆),https://movie.douban.com/subject/27668250/,7.4,"剧情,犯罪",5,别的不说 光胡歌就值得满星,,2020-05-02 00:11:42,2019 / 中国大陆 法国 / 剧情 犯罪 / 刁亦男 / 胡歌 桂纶镁
34805219,饥饿站台,,https://dou.img.lithub.cc/movie/34805219.jpg,2019-09-06(多伦多电影节),https://movie.douban.com/subject/34805219/,7.9,"科幻,惊悚",4,有点重口，我在想从一开始是不是就是主角幻想出来的,,2020-05-02 00:10:00,2019 / 西班牙 / 科幻 惊悚 / 加尔德·加兹特鲁·乌鲁蒂亚 / 伊万·马萨格 佐伦·伊格
2364086,隐形人,,https://dou.img.lithub.cc/movie/2364086.jpg,2020-12-04(中国大陆),https://movie.douban.com/subject/2364086/,7.1,"科幻,惊悚,恐怖",5,想要同款，一个柔软的女孩被逼成这样我很能理解，特别是自己最亲近的人都不相信自己的时候,,2020-05-02 00:07:46,2020 / 加拿大 澳大利亚 美国 / 科幻 惊悚 恐怖 / 雷·沃纳尔 / 伊丽莎白·莫斯 奥利弗·杰森-科恩
25932086,我是谁：没有绝对安全的系统,,https://dou.img.lithub.cc/movie/25932086.jpg,2014-09-25(德国),https://movie.douban.com/subject/25932086/,8.2,"悬疑,惊悚,犯罪",5,反转反转再反转,,2020-05-01 22:04:32,2014 / 德国 / 悬疑 惊悚 犯罪 / 巴伦·博·欧达尔 / 汤姆·希林 埃利亚斯·穆巴里克
5912992,熔炉,,https://dou.img.lithub.cc/movie/5912992.jpg,2011-09-22(韩国),https://movie.douban.com/subject/5912992/,9.4,剧情,4,,,2020-02-03 10:35:19,2011 / 韩国 / 剧情 / 黄东赫 / 孔刘 郑有美
26425068,追龙,,https://dou.img.lithub.cc/movie/26425068.jpg,2017-09-30(中国大陆),https://movie.douban.com/subject/26425068/,7.2,"动作,犯罪",,,,2020-01-24 01:01:51,2017 / 中国香港 中国大陆 / 动作 犯罪 / 王晶 关智耀 / 甄子丹 刘德华
4864908,影,,https://dou.img.lithub.cc/movie/4864908.jpg,2018-09-30(中国大陆),https://movie.douban.com/subject/4864908/,7.2,"剧情,动作,武侠",,,,2020-01-24 01:01:49,2018 / 中国大陆 中国香港 / 剧情 动作 武侠 古装 / 张艺谋 / 邓超 孙俪
26925317,动物世界,,https://dou.img.lithub.cc/movie/26925317.jpg,2018-06-29(中国大陆),https://movie.douban.com/subject/26925317/,7.2,"剧情,动作,冒险",,,,2020-01-24 01:01:34,2018 / 中国大陆 / 剧情 动作 冒险 / 韩延 / 李易峰 迈克尔·道格拉斯
25933890,极盗车神,,https://dou.img.lithub.cc/movie/25933890.jpg,2017-08-25(中国大陆),https://movie.douban.com/subject/25933890/,7,"动作,音乐,犯罪",,,,2020-01-24 01:01:26,2017 / 英国 美国 / 动作 音乐 犯罪 / 埃德加·赖特 / 安塞尔·艾尔高特 凯文·史派西
10774980,致命弯道5：血族,,https://dou.img.lithub.cc/movie/10774980.jpg,2012-10,https://movie.douban.com/subject/10774980/,5.5,恐怖,,,,2020-01-24 01:01:17,2012 / 美国 / 恐怖 / 德克兰·奥布莱恩 / 道格·布拉德利 卡米拉·阿维森
1461079,咒怨 录像带版,,https://dou.img.lithub.cc/movie/1461079.jpg,2000-03-18,https://movie.douban.com/subject/1461079/,8,"悬疑,恐怖",,,,2020-01-24 01:01:11,2000 / 日本 / 悬疑 恐怖 / 清水崇 / 藤贵子 大家由祐子
26752088,我不是药神,,https://dou.img.lithub.cc/movie/26752088.jpg,2018-07-05(中国大陆),https://movie.douban.com/subject/26752088/,9,"剧情,喜剧",,,,2020-01-24 01:01:05,2018 / 中国大陆 / 剧情 喜剧 / 文牧野 / 徐峥 王传君
3011308,孤儿怨,,https://dou.img.lithub.cc/movie/3011308.jpg,2009-07-24(美国),https://movie.douban.com/subject/3011308/,8.2,"悬疑,惊悚,恐怖",,,,2020-01-24 01:00:56,2009 / 美国 加拿大 德国 法国 / 悬疑 惊悚 恐怖 / 佐米·希尔拉 / 维拉·法米加 彼得·萨斯加德
1853160,狗咬狗,,https://dou.img.lithub.cc/movie/1853160.jpg,2006-08-17(中国香港),https://movie.douban.com/subject/1853160/,8.1,"剧情,动作,惊悚",,,,2020-01-24 01:00:48,2006 / 中国香港 / 剧情 动作 惊悚 犯罪 / 郑保瑞 / 陈冠希 李灿森
10512661,银翼杀手2049,,https://dou.img.lithub.cc/movie/10512661.jpg,2017-10-27(中国大陆),https://movie.douban.com/subject/10512661/,8.3,"剧情,动作,科幻",,,,2020-01-24 01:00:41,2017 / 美国 英国 加拿大 西班牙 / 剧情 动作 科幻 悬疑 惊悚 / 丹尼斯·维伦纽瓦 / 瑞恩·高斯林 哈里森·福特
26270502,绣春刀II：修罗战场,,https://dou.img.lithub.cc/movie/26270502.jpg,2017-07-19(中国大陆),https://movie.douban.com/subject/26270502/,7.2,"剧情,动作,武侠",,,,2020-01-24 01:00:39,2017 / 中国大陆 / 剧情 动作 武侠 古装 / 路阳 / 张震 杨幂
26425063,无双,,https://dou.img.lithub.cc/movie/26425063.jpg,2018-09-30(中国大陆),https://movie.douban.com/subject/26425063/,8,"剧情,动作,悬疑",,,,2020-01-24 01:00:31,2018 / 中国大陆 中国香港 / 剧情 动作 悬疑 犯罪 / 庄文强 / 周润发 郭富城
26357945,恐袭波士顿,,https://dou.img.lithub.cc/movie/26357945.jpg,2017-11-17(中国大陆),https://movie.douban.com/subject/26357945/,8,"剧情,惊悚,历史",,,,2020-01-24 01:00:14,2016 / 美国 / 剧情 惊悚 历史 / 彼得·博格 / 马克·沃尔伯格 凯文·贝肯
3011051,恐怖游轮,,https://dou.img.lithub.cc/movie/3011051.jpg,2009-10-16(英国),https://movie.douban.com/subject/3011051/,8.5,"剧情,悬疑,惊悚",,,,2020-01-24 01:00:11,2009 / 英国 澳大利亚 / 剧情 悬疑 惊悚 / 克里斯托弗·史密斯 / 梅利莎·乔治 利亚姆·海姆斯沃斯
3592854,疯狂的麦克斯4：狂暴之路,,https://dou.img.lithub.cc/movie/3592854.jpg,2015-05-14(澳大利亚),https://movie.douban.com/subject/3592854/,8.7,"动作,科幻,冒险",,,,2020-01-24 01:00:06,2015 / 澳大利亚 美国 / 动作 科幻 冒险 / 乔治·米勒 / 汤姆·哈迪 查理兹·塞隆
26630781,我不是潘金莲,,https://dou.img.lithub.cc/movie/26630781.jpg,2016-11-18(中国大陆),https://movie.douban.com/subject/26630781/,6.7,"剧情,喜剧",,,,2020-01-24 01:00:02,2016 / 中国大陆 / 剧情 喜剧 / 冯小刚 / 范冰冰 郭涛
26826398,杀破狼·贪狼,,https://dou.img.lithub.cc/movie/26826398.jpg,2017-08-17(中国大陆),https://movie.douban.com/subject/26826398/,7,"剧情,动作",,,,2020-01-24 00:59:21,2017 / 中国香港 中国大陆 / 剧情 动作 / 叶伟信 / 古天乐 吴樾
10453723,人类清除计划,,https://dou.img.lithub.cc/movie/10453723.jpg,2013-05-02(斯坦利电影节),https://movie.douban.com/subject/10453723/,6,"科幻,惊悚,犯罪",,,,2020-01-24 00:59:16,2013 / 美国 法国 / 科幻 惊悚 犯罪 / 詹姆斯·德莫纳克 / 伊桑·霍克 琳娜·海蒂
25798448,解救吾先生,,https://dou.img.lithub.cc/movie/25798448.jpg,2015-09-30(中国大陆),https://movie.douban.com/subject/25798448/,7.7,"剧情,犯罪",,,,2020-01-24 00:58:50,2015 / 中国大陆 / 剧情 犯罪 / 丁晟 / 刘德华 刘烨
1895120,死寂,,https://dou.img.lithub.cc/movie/1895120.jpg,2007-03-16(美国),https://movie.douban.com/subject/1895120/,7.9,"悬疑,恐怖",,,,2020-01-24 00:58:35,2007 / 美国 / 悬疑 恐怖 / 温子仁 / 唐尼·沃尔伯格 安贝·瓦莱塔
24741412,哪啊哪啊神去村,,https://dou.img.lithub.cc/movie/24741412.jpg,2014-05-10(日本),https://movie.douban.com/subject/24741412/,8.6,"剧情,喜剧",,,,2020-01-24 00:58:30,2014 / 日本 / 剧情 喜剧 / 矢口史靖 / 染谷将太 长泽雅美
1773217,鬼影,,https://dou.img.lithub.cc/movie/1773217.jpg,2004-09-09(泰国),https://movie.douban.com/subject/1773217/,7.7,"悬疑,惊悚,恐怖",,,,2020-01-24 00:58:12,2004 / 泰国 / 悬疑 惊悚 恐怖 / 班庄·比辛达拿刚 柏德潘·王般 / 阿南达·爱华灵咸 娜特慧兰·塔美
10810269,26年,,https://dou.img.lithub.cc/movie/10810269.jpg,2012-11-29(韩国),https://movie.douban.com/subject/10810269/,6.7,剧情,,,,2020-01-24 00:58:05,2012 / 韩国 / 剧情 / 曹近铉 / 晋久 任瑟雍
27119724,小丑,,https://dou.img.lithub.cc/movie/27119724.jpg,2019-08-31(威尼斯电影节),https://movie.douban.com/subject/27119724/,8.7,"剧情,惊悚,犯罪",,,,2020-01-24 00:57:53,2019 / 美国 加拿大 / 剧情 惊悚 犯罪 / 托德·菲利普斯 / 华金·菲尼克斯 罗伯特·德尼罗
24870066,我唾弃你的坟墓2,,https://dou.img.lithub.cc/movie/24870066.jpg,2013-09-20(美国),https://movie.douban.com/subject/24870066/,6.5,"惊悚,恐怖",,,,2020-01-24 00:56:39,2013 / 美国 / 惊悚 恐怖 / 史蒂文·R·蒙若尔 / 杰玛·达兰德 乔·阿布索隆
30164448,海市蜃楼,,https://dou.img.lithub.cc/movie/30164448.jpg,2019-03-28(中国大陆),https://movie.douban.com/subject/30164448/,7.6,"科幻,悬疑,惊悚",,,,2020-01-24 00:56:31,2018 / 西班牙 / 科幻 悬疑 惊悚 / 奥里奥尔·保罗 / 阿德里亚娜·乌加特 奇诺·达林
26825664,修女,,https://dou.img.lithub.cc/movie/26825664.jpg,2018-09-07(美国),https://movie.douban.com/subject/26825664/,6.1,"悬疑,惊悚,恐怖",,,,2020-01-24 00:56:11,2018 / 美国 罗马尼亚 / 悬疑 惊悚 恐怖 / 科林·哈迪 / 德米安·比齐尔 泰莎·法米加
3143676,林中小屋,,https://dou.img.lithub.cc/movie/3143676.jpg,2012-03-09(西南偏南电影节),https://movie.douban.com/subject/3143676/,7.6,恐怖,,,,2020-01-24 00:55:59,2012 / 美国 / 恐怖 / 德鲁·戈达德 / 克里斯汀·康奈利 克里斯·海姆斯沃斯
26000205,鲨滩,,https://dou.img.lithub.cc/movie/26000205.jpg,2016-09-09(中国大陆),https://movie.douban.com/subject/26000205/,7.2,"惊悚,冒险",,,,2020-01-24 00:55:22,2016 / 美国 / 惊悚 冒险 / 佐米·希尔拉 / 布蕾克·莱弗利 奥斯卡·贾恩那达
3071441,雪国列车,,https://dou.img.lithub.cc/movie/3071441.jpg,2014-03-17(中国大陆),https://movie.douban.com/subject/3071441/,7.6,"剧情,动作,科幻",,,,2020-01-24 00:55:01,2013 / 韩国 捷克 / 剧情 动作 科幻 / 奉俊昊 / 克里斯·埃文斯 宋康昊
27615441,网络谜踪,,https://dou.img.lithub.cc/movie/27615441.jpg,2018-12-14(中国大陆),https://movie.douban.com/subject/27615441/,8.5,"剧情,悬疑,惊悚",,,,2020-01-24 00:55:00,2018 / 美国 俄罗斯 / 剧情 悬疑 惊悚 犯罪 / 阿尼什·查甘蒂 / 约翰·赵 米切尔·拉
30210691,极限逃生,,https://dou.img.lithub.cc/movie/30210691.jpg,2019-07-31(韩国),https://movie.douban.com/subject/30210691/,7.5,"喜剧,动作,灾难",,,,2020-01-24 00:54:55,2019 / 韩国 / 喜剧 动作 灾难 / 李相槿 / 曹政奭 林允儿
21937442,恐怖故事2,,https://dou.img.lithub.cc/movie/21937442.jpg,2013-06-05(韩国),https://movie.douban.com/subject/21937442/,6.1,恐怖,,,,2020-01-24 00:54:51,2013 / 韩国 / 恐怖 / 金成浩 金辉 郑范识 闵奎东 / 李洙赫 金瑟祺
26997663,寂静之地,,https://dou.img.lithub.cc/movie/26997663.jpg,2018-05-18(中国大陆),https://movie.douban.com/subject/26997663/,6.3,"惊悚,恐怖",,,,2020-01-24 00:54:46,2018 / 美国 / 惊悚 恐怖 / 约翰·卡拉辛斯基 / 艾米莉·布朗特 约翰·卡拉辛斯基
27597250,极限职业,,https://dou.img.lithub.cc/movie/27597250.jpg,2019-01-23(韩国),https://movie.douban.com/subject/27597250/,7.8,"喜剧,动作,犯罪",,,,2020-01-24 00:54:33,2019 / 韩国 / 喜剧 动作 犯罪 / 李炳宪 / 柳承龙 李荷妮
26326395,真实魔鬼游戏,,https://dou.img.lithub.cc/movie/26326395.jpg,2015-07-11(日本),https://movie.douban.com/subject/26326395/,5.8,"喜剧,惊悚",,,,2020-01-24 00:54:21,2015 / 日本 / 喜剧 惊悚 / 园子温 / 特林德尔·玲奈 真野惠里菜
25774050,未知电影,,https://dou.img.lithub.cc/movie/25774050.jpg,,https://movie.douban.com/subject/25774050/,0,,,,,2020-01-24 00:54:17,
27027913,忌日快乐,,https://dou.img.lithub.cc/movie/27027913.jpg,2018-02-02(中国大陆),https://movie.douban.com/subject/27027913/,7,"悬疑,惊悚,恐怖",,,,2020-01-24 00:53:54,2017 / 美国 / 悬疑 惊悚 恐怖 / 克里斯托弗·兰登 / 杰西卡·罗德 伊瑟尔·布罗萨德
27010768,寄生虫,,https://dou.img.lithub.cc/movie/27010768.jpg,2019-05-21(戛纳电影节),https://movie.douban.com/subject/27010768/,8.8,剧情,,,,2020-01-24 00:53:24,2019 / 韩国 / 剧情 / 奉俊昊 / 宋康昊 李善均
3804629,招魂,,https://dou.img.lithub.cc/movie/3804629.jpg,2013-06-08(马德里奇幻电影节),https://movie.douban.com/subject/3804629/,8.1,"悬疑,惊悚,恐怖",,,,2020-01-24 00:53:23,2013 / 美国 / 悬疑 惊悚 恐怖 / 温子仁 / 维拉·法米加 帕特里克·威尔森
26647117,暴裂无声,,https://dou.img.lithub.cc/movie/26647117.jpg,2018-04-04(中国大陆),https://movie.douban.com/subject/26647117/,8.2,"剧情,悬疑,犯罪",,,,2020-01-24 00:53:21,2017 / 中国大陆 / 剧情 悬疑 犯罪 / 忻钰坤 / 宋洋 姜武
25986180,釜山行,,https://dou.img.lithub.cc/movie/25986180.jpg,2016-05-13(戛纳电影节),https://movie.douban.com/subject/25986180/,8.6,"动作,惊悚,灾难",,,,2020-01-24 00:53:13,2016 / 韩国 / 动作 惊悚 灾难 / 延尚昊 / 孔刘 郑有美
26684564,关灯后,,https://dou.img.lithub.cc/movie/26684564.jpg,2016-06-08(洛杉矶电影节),https://movie.douban.com/subject/26684564/,6.8,恐怖,,,,2020-01-24 00:52:58,2016 / 美国 / 恐怖 / 大卫·F·桑德伯格 / 泰莉莎·帕尔墨 加布里埃尔·贝特曼
27621727,遗传厄运,,https://dou.img.lithub.cc/movie/27621727.jpg,2018-01-21(圣丹斯电影节),https://movie.douban.com/subject/27621727/,7.3,恐怖,,,,2020-01-24 00:52:56,2018 / 美国 / 恐怖 / 阿里·艾斯特 / 亚历克斯·沃尔夫 加布里埃尔·伯恩
22715021,僵尸,,https://dou.img.lithub.cc/movie/22715021.jpg,2013-10-24(中国香港),https://movie.douban.com/subject/22715021/,8,恐怖,,,,2020-01-24 00:52:51,2013 / 中国香港 / 恐怖 / 麦浚龙 / 钱小豪 惠英红
1300299,杀人回忆,,https://dou.img.lithub.cc/movie/1300299.jpg,2003-05-02(韩国),https://movie.douban.com/subject/1300299/,8.9,"剧情,动作,悬疑",,,,2020-01-24 00:52:47,2003 / 韩国 / 剧情 动作 悬疑 惊悚 犯罪 / 奉俊昊 / 宋康昊 金相庆
26725678,解除好友2：暗网,,https://dou.img.lithub.cc/movie/26725678.jpg,2018-03-09(西南偏南电影节),https://movie.douban.com/subject/26725678/,7.9,"恐怖,犯罪",,,,2020-01-24 00:52:39,2018 / 美国 / 恐怖 犯罪 / 斯蒂芬·苏斯科 / 科林·伍德尔 斯蒂芬妮·诺格拉斯
24860563,招魂2,,https://dou.img.lithub.cc/movie/24860563.jpg,2016-06-10(美国),https://movie.douban.com/subject/24860563/,7.9,"剧情,悬疑,恐怖",,,,2020-01-24 00:52:37,2016 / 加拿大 美国 英国 / 剧情 悬疑 恐怖 / 温子仁 / 帕特里克·威尔森 维拉·法米加
26688480,逃出绝命镇,,https://dou.img.lithub.cc/movie/26688480.jpg,2017-01-23(圣丹斯电影节),https://movie.douban.com/subject/26688480/,7.8,"悬疑,惊悚,恐怖",,,,2020-01-24 00:52:30,2017 / 美国 / 悬疑 惊悚 恐怖 / 乔丹·皮尔 / 丹尼尔·卡卢亚 艾莉森·威廉姆斯
26653833,生吃,,https://dou.img.lithub.cc/movie/26653833.jpg,2016-05-14(戛纳电影节),https://movie.douban.com/subject/26653833/,7.1,"剧情,恐怖",,,,2020-01-24 00:52:11,2016 / 法国 意大利 比利时 / 剧情 恐怖 / 朱利亚·迪库诺 / 加朗斯·马里利埃 艾拉·朗夫
26704620,屏住呼吸,,https://dou.img.lithub.cc/movie/26704620.jpg,2016-03-12(西南偏南电影节),https://movie.douban.com/subject/26704620/,7.2,"惊悚,恐怖",,,,2020-01-24 00:52:06,2016 / 美国 / 惊悚 恐怖 / 费德·阿尔瓦雷兹 / 史蒂芬·朗 简·利维
4826419,金福南杀人事件始末,,https://dou.img.lithub.cc/movie/4826419.jpg,2010-09-02(韩国),https://movie.douban.com/subject/4826419/,8.6,"剧情,惊悚,犯罪",,,,2020-01-24 00:52:01,2010 / 韩国 / 剧情 惊悚 犯罪 / 张哲洙 / 徐英姬 池成媛
25817534,哭声,,https://dou.img.lithub.cc/movie/25817534.jpg,2016-05-11(韩国),https://movie.douban.com/subject/25817534/,7.3,"剧情,悬疑,恐怖",5,就是喜欢这种结局 很喜欢韩国电影的氛围，,,2020-01-24 00:51:12,2016 / 韩国 / 剧情 悬疑 恐怖 / 罗泓轸 / 郭度沅 黄政民